Data Source,World Development Indicators,,,,,,,,,,,,,,,,,,,,,,,,,,,,,,,,,,,,,,,,,
,,,,,,,,,,,,,,,,,,,,,,,,,,,,,,,,,,,,,,,,,,
Last Updated Date,3/21/2019,,,,,,,,,,,,,,,,,,,,,,,,,,,,,,,,,,,,,,,,,
,,,,,,,,,,,,,,,,,,,,,,,,,,,,,,,,,,,,,,,,,,
Country Name,Country Code,Indicator Name,Indicator Code,1980,1981,1982,1983,1984,1985,1986,1987,1988,1989,1990,1991,1992,1993,1994,1995,1996,1997,1998,1999,2000,2001,2002,2003,2004,2005,2006,2007,2008,2009,2010,2011,2012,2013,2014,2015,2016,2017,2018
Aruba,ABW,"Immunization, measles (% of children ages 12-23 months)",SH.IMM.MEAS,,,,,,,,,,,,,,,,,,,,,,,,,,,,,,,,,,,,,,,
Afghanistan,AFG,"Immunization, measles (% of children ages 12-23 months)",SH.IMM.MEAS,11,,8,9,14,14,14,31,34,22,20,19,22,25,40,41,42,38,31,31,27,37,35,39,48,50,53,55,59,60,62,64,59,57,60,62,62,62,
Angola,AGO,"Immunization, measles (% of children ages 12-23 months)",SH.IMM.MEAS,,,,26,35,44,44,55,56,48,38,39,39,47,44,46,62,78,60,42,35,64,64,50,50,29,30,68,57,53,67,60,67,59,56,51,45,42,
Albania,ALB,"Immunization, measles (% of children ages 12-23 months)",SH.IMM.MEAS,90,90,93,96,96,96,96,96,96,96,88,80,87,76,90,91,92,95,89,85,95,95,96,93,96,97,95,97,98,97,99,99,98,99,98,97,96,96,
Andorra,AND,"Immunization, measles (% of children ages 12-23 months)",SH.IMM.MEAS,,,,,,,,,,,,,,,,,,90,90,97,97,97,98,96,98,94,91,94,98,98,99,99,98,95,96,96,97,99,
Arab World,ARB,"Immunization, measles (% of children ages 12-23 months)",SH.IMM.MEAS,,22.4909722,26.3664739,30.4796416,36.91737969,54.0486253,59.68067985,63.17489754,71.44879332,76.9593415,77.42876026,76.90191784,75.32690643,75.57994482,75.05396408,76.93857446,79.00152064,78.60165696,80.86976692,81.07373126,81.06554776,80.56321104,80.96297115,81.25605556,82.02143899,82.25257621,81.88648654,83.16180284,82.94989487,85.30950841,86.752861,86.39698563,83.62196615,84.28805813,82.66747988,82.44317062,84.83527706,84.47988151,
United Arab Emirates,ARE,"Immunization, measles (% of children ages 12-23 months)",SH.IMM.MEAS,34,42,41,51,53,60,67,71,74,78,80,82,85,90,90,90,90,95,95,96,94,94,94,94,94,92,92,92,92,93,94,95,96,98,99,99,99,99,
Argentina,ARG,"Immunization, measles (% of children ages 12-23 months)",SH.IMM.MEAS,61,77,67,67,79,54,87,80,87,89,93,99,92,95,96,99,99,93,95,97,91,89,95,97,99,98,97,94,96,96,95,95,94,94,95,89,90,89,
Armenia,ARM,"Immunization, measles (% of children ages 12-23 months)",SH.IMM.MEAS,,,,,,,,,,,,,93,95,95,96,89,92,94,92,92,93,91,94,92,94,92,92,94,96,97,97,97,97,97,97,97,96,
American Samoa,ASM,"Immunization, measles (% of children ages 12-23 months)",SH.IMM.MEAS,,,,,,,,,,,,,,,,,,,,,,,,,,,,,,,,,,,,,,,
Antigua and Barbuda,ATG,"Immunization, measles (% of children ages 12-23 months)",SH.IMM.MEAS,,,,48,73,69,80,89,95,95,89,87,99,99,91,93,99,93,99,99,95,97,99,99,97,99,99,99,99,99,98,99,98,96,93,91,88,88,
Australia,AUS,"Immunization, measles (% of children ages 12-23 months)",SH.IMM.MEAS,,,,68,68,68,68,68,77,85,86,86,86,86,86,87,87,85,82,88,91,92,94,94,94,94,94,94,94,94,94,94,94,94,94,95,95,95,
Austria,AUT,"Immunization, measles (% of children ages 12-23 months)",SH.IMM.MEAS,,25,25,25,30,40,60,60,60,60,60,60,60,60,60,60,87,90,78,65,75,79,78,79,74,75,80,79,83,76,80,84,88,92,96,96,95,96,
Azerbaijan,AZE,"Immunization, measles (% of children ages 12-23 months)",SH.IMM.MEAS,,,,,,,,,,,,,52,49,60,64,65,66,67,68,67,68,66,67,67,67,69,75,79,85,89,92,94,98,98,98,98,98,
Burundi,BDI,"Immunization, measles (% of children ages 12-23 months)",SH.IMM.MEAS,,28,40,54,27,32,59,54,46,73,74,74,69,69,42,80,79,77,68,70,72,73,75,76,78,87,92,88,84,91,92,93,93,98,94,93,93,90,
Belgium,BEL,"Immunization, measles (% of children ages 12-23 months)",SH.IMM.MEAS,,50,58,66,74,82,90,50,75,75,85,67,87,70,78,85,73,76,80,82,82,82,82,82,82,88,92,92,93,95,95,95,96,96,96,96,96,96,
Benin,BEN,"Immunization, measles (% of children ages 12-23 months)",SH.IMM.MEAS,,,,,,23,20,26,30,48,79,60,70,67,78,65,60,66,67,69,70,68,66,65,63,61,66,70,66,71,68,70,74,68,68,74,74,74,
Burkina Faso,BFA,"Immunization, measles (% of children ages 12-23 months)",SH.IMM.MEAS,,,,,,38,40,37,52,66,79,69,60,50,45,43,40,41,24,36,48,63,64,76,78,84,88,94,94,94,92,89,87,82,88,88,88,88,
Bangladesh,BGD,"Immunization, measles (% of children ages 12-23 months)",SH.IMM.MEAS,,,1,1,1,1,3,6,13,53,65,68,69,74,78,79,69,72,71,71,74,77,75,76,81,88,83,89,92,93,88,93,88,91,94,94,94,94,
Bulgaria,BGR,"Immunization, measles (% of children ages 12-23 months)",SH.IMM.MEAS,98,98,90,98,98,99,99,99,99,99,99,98,92,88,93,94,95,93,95,96,89,90,92,96,95,96,96,96,96,96,97,95,94,95,93,92,92,94,
Bahrain,BHR,"Immunization, measles (% of children ages 12-23 months)",SH.IMM.MEAS,45,50,54,59,65,78,78,78,78,85,87,88,87,90,93,95,95,94,99,94,98,98,99,99,99,99,99,99,99,99,99,99,99,99,99,99,99,99,
"Bahamas, The",BHS,"Immunization, measles (% of children ages 12-23 months)",SH.IMM.MEAS,,,65,66,63,79,85,87,78,87,86,93,94,88,88,90,92,93,92,86,93,94,94,90,89,85,88,96,90,98,94,90,91,92,92,94,89,90,
Bosnia and Herzegovina,BIH,"Immunization, measles (% of children ages 12-23 months)",SH.IMM.MEAS,,,,,,,,,,,,,52,48,57,53,70,86,84,83,80,92,89,84,88,90,85,96,84,93,91,89,94,92,89,83,68,69,
Belarus,BLR,"Immunization, measles (% of children ages 12-23 months)",SH.IMM.MEAS,,,,,,,,,,,,,94,96,97,93,96,97,98,98,98,99,99,99,99,99,97,99,99,99,99,99,98,99,99,99,98,97,
Belize,BLZ,"Immunization, measles (% of children ages 12-23 months)",SH.IMM.MEAS,21,40,51,43,43,49,85,53,59,71,86,76,69,80,82,83,81,85,84,82,96,94,88,96,97,95,99,96,96,97,98,98,96,99,95,96,95,90,
Bermuda,BMU,"Immunization, measles (% of children ages 12-23 months)",SH.IMM.MEAS,,,,,,,,,,,,,,,,,,,,,,,,,,,,,,,,,,,,,,,
Bolivia,BOL,"Immunization, measles (% of children ages 12-23 months)",SH.IMM.MEAS,13,17,15,13,20,21,55,57,58,59,53,54,57,57,64,58,61,51,65,79,84,88,91,96,90,89,88,86,92,93,88,96,92,87,89,95,94,83,
Brazil,BRA,"Immunization, measles (% of children ages 12-23 months)",SH.IMM.MEAS,57,73,66,68,73,67,67,64,62,60,78,85,91,85,77,87,80,99,95,99,99,99,96,97,97,98,99,99,99,99,99,99,99,98,97,96,95,97,
Barbados,BRB,"Immunization, measles (% of children ages 12-23 months)",SH.IMM.MEAS,41,47,53,55,84,88,84,85,84,85,87,92,90,92,97,92,99,92,97,86,94,93,91,90,98,93,92,75,94,94,85,93,90,87,95,96,92,92,
Brunei Darussalam,BRN,"Immunization, measles (% of children ages 12-23 months)",SH.IMM.MEAS,73,80,88,94,90,98,99,99,99,99,99,96,92,99,99,99,99,98,99,94,99,99,99,98,99,98,97,97,99,99,94,91,95,96,97,96,98,97,
Bhutan,BTN,"Immunization, measles (% of children ages 12-23 months)",SH.IMM.MEAS,21,21,20,21,36,44,51,58,64,79,93,89,86,84,81,85,85,84,71,77,78,78,78,88,87,93,90,95,99,94,95,95,95,94,97,97,97,97,
Botswana,BWA,"Immunization, measles (% of children ages 12-23 months)",SH.IMM.MEAS,63,70,75,79,82,85,91,87,87,87,87,88,88,88,88,89,89,89,89,90,91,91,92,92,93,93,94,95,95,96,96,97,97,97,97,97,97,97,
Central African Republic,CAF,"Immunization, measles (% of children ages 12-23 months)",SH.IMM.MEAS,12,15,16,16,19,23,24,17,40,69,82,57,32,42,52,46,44,42,37,37,36,35,42,49,55,62,61,59,58,56,53,49,49,25,49,49,49,49,
Canada,CAN,"Immunization, measles (% of children ages 12-23 months)",SH.IMM.MEAS,,,,,,,,70,85,87,89,92,94,96,97,96,97,96,96,96,96,95,95,95,94,94,93,94,93,91,90,88,98,90,90,90,90,89,
Central Europe and the Baltics,CEB,"Immunization, measles (% of children ages 12-23 months)",SH.IMM.MEAS,,,,91.81239268,92.65029241,92.18174906,90.20419005,93.77172157,90.63255639,94.24692282,94.88727742,94.35530308,93.603957,93.72940426,94.35255879,95.06311316,96.31999935,96.35516674,96.59074575,97.16793907,96.70812587,96.88854443,97.50632128,97.11407001,97.10632516,97.44642314,97.40439264,97.57141445,97.35719616,97.21644387,97.14376186,96.54276336,96.5784816,96.37359678,95.21081021,94.10084697,93.74293627,93.8909682,
Switzerland,CHE,"Immunization, measles (% of children ages 12-23 months)",SH.IMM.MEAS,,,,,,,70,70,70,90,90,83,83,83,83,83,83,83,81,82,82,82,82,82,82,87,87,87,92,92,92,93,93,93,94,94,94,95,
Channel Islands,CHI,"Immunization, measles (% of children ages 12-23 months)",SH.IMM.MEAS,,,,,,,,,,,,,,,,,,,,,,,,,,,,,,,,,,,,,,,
Chile,CHL,"Immunization, measles (% of children ages 12-23 months)",SH.IMM.MEAS,94,95,96,95,94,92,91,92,95,92,97,99,89,94,96,97,93,96,98,94,97,96,95,96,94,90,91,92,96,93,93,91,90,90,97,96,93,93,
China,CHN,"Immunization, measles (% of children ages 12-23 months)",SH.IMM.MEAS,,,,78,84,88,63,77,95,95,98,92,87,81,75,80,84,83,83,84,84,85,85,85,86,86,93,94,97,99,99,99,99,99,99,99,99,99,
Cote d'Ivoire,CIV,"Immunization, measles (% of children ages 12-23 months)",SH.IMM.MEAS,,,,,31,31,31,30,31,41,56,57,54,52,55,57,65,68,66,57,68,71,71,70,78,84,73,67,63,67,70,49,74,69,59,69,74,78,
Cameroon,CMR,"Immunization, measles (% of children ages 12-23 months)",SH.IMM.MEAS,,16,21,25,31,39,44,44,48,56,56,48,37,32,38,46,39,43,47,46,49,51,53,61,64,68,73,74,80,74,79,76,82,83,80,79,78,77,
"Congo, Dem. Rep.",COD,"Immunization, measles (% of children ages 12-23 months)",SH.IMM.MEAS,18,23,25,30,30,40,39,41,44,41,38,17,25,33,39,27,21,20,20,15,46,35,42,49,57,61,63,68,64,72,74,74,72,76,77,79,77,80,
"Congo, Rep.",COG,"Immunization, measles (% of children ages 12-23 months)",SH.IMM.MEAS,49,49,55,59,52,67,69,69,73,75,75,64,60,55,47,38,42,18,21,23,34,35,37,50,65,54,61,59,69,63,75,83,80,80,80,80,67,70,
Colombia,COL,"Immunization, measles (% of children ages 12-23 months)",SH.IMM.MEAS,13,26,28,43,51,51,45,59,74,81,82,78,74,94,84,95,90,80,78,79,88,93,93,93,94,96,95,93,95,89,88,88,94,92,91,94,93,93,
Comoros,COM,"Immunization, measles (% of children ages 12-23 months)",SH.IMM.MEAS,,,,,42,18,71,71,40,85,87,40,51,56,59,69,43,49,67,69,70,70,71,67,76,67,66,65,76,79,72,79,85,85,86,90,90,90,
Cabo Verde,CPV,"Immunization, measles (% of children ages 12-23 months)",SH.IMM.MEAS,,,,,,54,58,75,80,84,79,76,82,88,87,85,84,83,84,85,86,88,89,90,91,92,94,95,96,97,97,96,91,91,93,92,93,96,
Costa Rica,CRI,"Immunization, measles (% of children ages 12-23 months)",SH.IMM.MEAS,60,79,87,84,76,78,90,93,97,77,90,96,92,89,87,91,84,99,83,88,82,82,94,89,88,89,90,90,89,81,83,83,90,91,95,93,93,96,
Caribbean small states,CSS,"Immunization, measles (% of children ages 12-23 months)",SH.IMM.MEAS,,,30.29714442,33.22908626,50.2656044,55.28340215,49.32761271,65.27404007,69.37478152,71.33460519,74.87239827,82.56280582,71.46499585,83.2785652,83.40441391,86.72219505,92.41524872,87.02775559,89.24271119,84.86534387,88.78035902,88.34924598,87.44590125,83.34796421,89.18893481,88.96068827,89.02417565,85.46958818,90.74605278,92.13158191,91.59290986,91.06281422,90.83255922,94.29986895,93.64026424,93.11315205,93.87999009,94.31597422,
Cuba,CUB,"Immunization, measles (% of children ages 12-23 months)",SH.IMM.MEAS,48,49,55,94,82,85,80,99,89,98,94,99,99,96,99,99,99,96,99,96,94,96,98,99,99,98,96,97,98,99,99,99,99,99,99,99,99,99,
Curacao,CUW,"Immunization, measles (% of children ages 12-23 months)",SH.IMM.MEAS,,,,,,,,,,,,,,,,,,,,,,,,,,,,,,,,,,,,,,,
Cayman Islands,CYM,"Immunization, measles (% of children ages 12-23 months)",SH.IMM.MEAS,,,,,,,,,,,,,,,,,,,,,,,,,,,,,,,,,,,,,,,
Cyprus,CYP,"Immunization, measles (% of children ages 12-23 months)",SH.IMM.MEAS,29,28,21,19,25,43,60,91,74,76,77,78,80,81,82,83,90,90,89,87,86,86,86,86,86,86,87,87,87,87,87,87,86,86,86,90,90,90,
Czech Republic,CZE,"Immunization, measles (% of children ages 12-23 months)",SH.IMM.MEAS,,,,,,,,,,,,,,98,97,96,97,96,95,97,97,97,98,97,97,97,97,98,97,98,98,98,98,99,99,99,98,97,
Germany,DEU,"Immunization, measles (% of children ages 12-23 months)",SH.IMM.MEAS,25,50,50,47,48,50,70,75,75,75,75,75,75,89,90,92,91,91,92,92,92,94,94,95,96,96,96,97,97,97,97,97,97,97,97,97,97,97,
Djibouti,DJI,"Immunization, measles (% of children ages 12-23 months)",SH.IMM.MEAS,,,15,18,20,27,19,22,68,75,85,53,41,41,42,41,41,31,21,23,50,49,62,66,60,65,67,74,73,84,85,84,83,80,71,74,75,75,
Dominica,DMA,"Immunization, measles (% of children ages 12-23 months)",SH.IMM.MEAS,,,43,63,85,93,97,87,90,88,88,98,99,99,99,99,99,99,98,99,99,99,99,99,99,98,97,96,99,99,99,99,99,93,94,96,96,77,
Denmark,DNK,"Immunization, measles (% of children ages 12-23 months)",SH.IMM.MEAS,,,,,,,,82,72,80,84,86,85,81,88,88,85,84,91,92,99,94,95,96,96,95,90,89,87,84,85,87,90,89,90,91,94,97,
Dominican Republic,DOM,"Immunization, measles (% of children ages 12-23 months)",SH.IMM.MEAS,30,18,25,24,19,54,71,71,29,65,70,72,73,75,76,78,79,79,80,83,85,88,86,83,81,79,81,82,83,84,85,87,88,83,88,90,85,86,
Algeria,DZA,"Immunization, measles (% of children ages 12-23 months)",SH.IMM.MEAS,,,,,,68,67,73,81,82,83,85,86,87,88,89,90,92,84,83,80,83,81,84,81,83,91,92,88,92,95,95,95,95,95,95,94,88,
East Asia & Pacific (excluding high income),EAP,"Immunization, measles (% of children ages 12-23 months)",SH.IMM.MEAS,,,,56.93240209,61.51583025,68.63553311,55.51439251,67.31547101,82.83350432,85.71232185,89.95945456,86.3587343,82.61269649,78.87454647,75.39080547,77.97419756,82.63707676,81.94255394,82.45271138,83.15171529,82.87237861,83.40738886,82.93658619,83.70095753,85.58677791,85.63403937,89.76398341,89.35044133,91.77655684,92.80404239,92.95794009,93.79549321,94.02701746,94.05718047,92.45588581,92.4840365,92.64447508,92.81677792,
Early-demographic dividend,EAR,"Immunization, measles (% of children ages 12-23 months)",SH.IMM.MEAS,,,,,,24.07370214,30.25138812,37.69680563,45.65970917,54.48244777,62.83978086,57.60036991,61.78599742,65.55932852,70.45663032,71.48592568,71.0500845,66.6870281,66.75910797,67.94787825,68.06474376,68.49865464,67.59109109,69.9107802,72.37620133,74.68578635,75.63859801,76.16622908,77.30868731,80.18049936,81.88437717,83.91257186,83.10870469,82.88917731,83.35948729,85.02389867,85.67466386,85.38958633,
East Asia & Pacific,EAS,"Immunization, measles (% of children ages 12-23 months)",SH.IMM.MEAS,,,,57.12164827,62.10389736,69.26609456,57.05868035,67.88725023,82.36594435,85.5522353,89.44253471,85.98243701,82.37383465,78.82854868,76.08217651,79.00722785,83.3921299,82.58394339,83.03415302,83.84088533,83.74090132,84.30153628,83.89765631,84.56775198,86.36073353,86.39090234,90.18845618,89.668297,91.91438413,92.85939449,93.08184765,93.88610863,94.16708648,94.15839271,92.76022169,92.71189816,92.85898243,93.02697233,
Europe & Central Asia (excluding high income),ECA,"Immunization, measles (% of children ages 12-23 months)",SH.IMM.MEAS,,,,,,,,,,,,,81.41154617,82.70627566,80.90191979,82.28152569,85.15778802,88.94414619,89.87352395,91.02060054,92.95432145,94.21662707,91.9635561,90.45493793,92.21981133,95.04903579,96.50348605,96.56773643,96.53448023,94.43091721,93.52466462,94.70490629,95.20302458,95.83644407,93.31742784,93.96193477,93.13195962,95.82703839,
Europe & Central Asia,ECS,"Immunization, measles (% of children ages 12-23 months)",SH.IMM.MEAS,,,,,,,,,,,,,81.35924378,83.23222556,82.68708266,83.92516038,86.14059126,88.05274109,88.04327421,89.43931671,90.73618227,91.68890874,90.9186064,90.37822092,91.43210624,93.03635858,94.42233181,94.71341495,94.76555163,93.62737104,93.34170956,94.12927738,94.75008473,95.04958115,93.62687792,93.85049665,93.40877083,95.02243161,
Ecuador,ECU,"Immunization, measles (% of children ages 12-23 months)",SH.IMM.MEAS,24,31,45,34,54,51,50,47,53,57,60,54,69,85,83,81,79,77,89,99,99,99,99,99,99,93,97,98,98,97,95,94,96,97,85,84,86,81,
"Egypt, Arab Rep.",EGY,"Immunization, measles (% of children ages 12-23 months)",SH.IMM.MEAS,41,41,41,41,47,74,78,76,85,86,86,89,89,89,89,89,92,92,98,96,98,97,97,98,97,98,98,97,92,95,96,96,93,96,93,92,95,94,
Euro area,EMU,"Immunization, measles (% of children ages 12-23 months)",SH.IMM.MEAS,,,,39.75794035,49.79004742,57.43717551,64.1188376,68.74634705,71.56443934,75.94909386,73.57155998,73.29851896,74.99272279,78.7215421,79.82257006,81.25371471,83.42184155,83.94396594,83.5055481,85.93524476,86.79356046,88.3223943,89.36445864,90.80165666,91.37321177,91.45225486,92.64380596,93.36633521,93.49530085,93.35331242,93.19071931,93.44663035,94.02531243,93.66429168,93.58945864,93.21336223,93.57336148,93.91993417,
Eritrea,ERI,"Immunization, measles (% of children ages 12-23 months)",SH.IMM.MEAS,,,,,,,,,,,,,,34,51,58,66,73,79,88,76,84,83,92,96,95,95,96,96,97,97,98,98,94,90,97,99,99,
Spain,ESP,"Immunization, measles (% of children ages 12-23 months)",SH.IMM.MEAS,,8,27,40,68,79,83,85,84,97,99,85,83,90,90,90,90,93,93,95,94,96,97,98,97,97,97,97,98,98,95,97,97,95,96,96,97,96,
Estonia,EST,"Immunization, measles (% of children ages 12-23 months)",SH.IMM.MEAS,,,,,,,,,,,,,,74,76,81,86,88,89,92,93,95,95,95,96,96,96,96,95,95,95,94,94,94,93,93,93,93,
Ethiopia,ETH,"Immunization, measles (% of children ages 12-23 months)",SH.IMM.MEAS,4,3,7,7,8,12,10,13,15,23,38,17,12,22,54,38,54,51,44,37,36,35,36,35,35,40,44,49,54,59,64,68,62,55,54,65,66,65,
European Union,EUU,"Immunization, measles (% of children ages 12-23 months)",SH.IMM.MEAS,,,,57.64974425,63.44730614,68.40959037,72.03445513,76.63914446,78.02602743,82.1139491,80.62286149,80.81267753,81.85532119,84.28241131,84.96380192,86.01781582,87.4133463,87.5683318,86.71760858,88.39495213,88.96417141,89.52852081,90.3575082,90.83187812,91.09000043,91.33975507,92.48921103,93.07305642,93.0716275,92.94496459,93.27185309,93.49812009,94.23681931,94.07154157,93.81535285,93.37760615,93.43094579,93.69157641,
Fragile and conflict affected situations,FCS,"Immunization, measles (% of children ages 12-23 months)",SH.IMM.MEAS,,,,,25.58727434,33.31502816,33.84052489,37.98653882,45.76687082,53.17432701,57.32204241,51.27149725,50.59454829,52.12149541,53.86808656,55.21523602,54.99140966,54.93123815,55.30282764,55.54040203,60.2268908,57.62526325,59.4607831,62.06939294,65.66981661,67.68413513,67.09054884,68.38324594,68.70860354,72.58001034,74.95684932,73.79426276,72.67813969,71.87888055,70.36015282,71.13298696,72.39171046,72.98027341,
Finland,FIN,"Immunization, measles (% of children ages 12-23 months)",SH.IMM.MEAS,,70,75,81,83,85,87,92,98,95,97,97,99,99,99,98,98,96,96,96,96,96,96,97,97,97,97,98,97,98,98,97,97,97,96,95,94,94,
Fiji,FJI,"Immunization, measles (% of children ages 12-23 months)",SH.IMM.MEAS,32,40,2,25,22,57,61,64,69,65,84,93,91,96,96,94,94,75,77,79,81,83,85,86,88,90,92,94,94,94,94,94,94,94,94,94,94,94,
France,FRA,"Immunization, measles (% of children ages 12-23 months)",SH.IMM.MEAS,,,,15,26,35,39,45,51,58,71,74,76,78,80,83,84,83,82,83,84,85,86,87,88,87,89,90,89,89,89,89,91,90,91,91,90,90,
Faroe Islands,FRO,"Immunization, measles (% of children ages 12-23 months)",SH.IMM.MEAS,,,,,,,,,,,,,,,,,,,,,,,,,,,,,,,,,,,,,,,
"Micronesia, Fed. Sts.",FSM,"Immunization, measles (% of children ages 12-23 months)",SH.IMM.MEAS,,,,,,,,69,84,94,81,76,78,80,83,90,82,74,82,79,85,84,88,91,85,96,83,92,86,86,80,92,91,91,83,74,70,76,
Gabon,GAB,"Immunization, measles (% of children ages 12-23 months)",SH.IMM.MEAS,,,,,,58,66,67,68,76,76,71,66,63,60,57,57,56,56,55,55,55,55,55,55,55,55,62,67,63,62,72,71,70,61,68,64,63,
United Kingdom,GBR,"Immunization, measles (% of children ages 12-23 months)",SH.IMM.MEAS,53,55,58,60,63,68,71,76,80,84,87,90,92,91,91,92,92,91,87,88,88,85,85,82,81,82,85,86,86,86,89,90,92,93,93,93,92,92,
Georgia,GEO,"Immunization, measles (% of children ages 12-23 months)",SH.IMM.MEAS,,,,,,,,,,,,,16,61,63,61,65,69,73,76,73,74,75,76,86,90,96,97,97,83,94,91,93,97,92,96,93,95,
Ghana,GHA,"Immunization, measles (% of children ages 12-23 months)",SH.IMM.MEAS,16,23,21,16,10,21,31,51,59,65,61,63,64,66,68,70,71,73,78,81,90,78,78,80,83,83,85,95,86,93,93,91,88,89,92,89,89,95,
Gibraltar,GIB,"Immunization, measles (% of children ages 12-23 months)",SH.IMM.MEAS,,,,,,,,,,,,,,,,,,,,,,,,,,,,,,,,,,,,,,,
Guinea,GIN,"Immunization, measles (% of children ages 12-23 months)",SH.IMM.MEAS,,15,34,30,29,29,28,28,27,27,35,42,52,55,58,61,61,56,52,40,42,44,46,48,50,51,51,57,55,53,58,62,51,39,28,48,48,48,
"Gambia, The",GMB,"Immunization, measles (% of children ages 12-23 months)",SH.IMM.MEAS,69,70,71,70,79,75,62,88,80,85,86,87,83,87,89,91,94,91,90,90,89,89,90,90,92,91,89,88,92,96,92,91,95,96,96,97,97,90,
Guinea-Bissau,GNB,"Immunization, measles (% of children ages 12-23 months)",SH.IMM.MEAS,,,,27,31,35,59,68,52,65,53,52,60,68,68,45,49,51,61,70,71,72,73,74,75,76,74,73,71,69,76,83,81,81,81,81,81,81,
Equatorial Guinea,GNQ,"Immunization, measles (% of children ages 12-23 months)",SH.IMM.MEAS,,,,,,11,17,32,46,18,88,85,82,79,80,81,81,82,82,51,51,51,51,51,51,51,51,51,51,51,51,51,35,42,44,27,30,30,
Greece,GRC,"Immunization, measles (% of children ages 12-23 months)",SH.IMM.MEAS,,,,,75,77,39,81,82,76,76,72,72,72,70,70,90,90,89,88,89,91,92,94,95,96,98,99,99,99,99,99,99,99,97,97,97,97,
Grenada,GRD,"Immunization, measles (% of children ages 12-23 months)",SH.IMM.MEAS,,,5,7,31,49,62,77,48,89,85,96,73,99,87,88,85,92,97,94,92,99,96,99,74,99,98,98,99,98,95,95,94,94,94,99,95,85,
Greenland,GRL,"Immunization, measles (% of children ages 12-23 months)",SH.IMM.MEAS,,,,,,,,,,,,,,,,,,,,,,,,,,,,,,,,,,,,,,,
Guatemala,GTM,"Immunization, measles (% of children ages 12-23 months)",SH.IMM.MEAS,23,8,12,9,24,23,55,24,55,60,68,49,59,71,66,83,69,74,79,83,86,91,92,94,95,93,95,86,96,92,93,89,93,85,67,77,86,86,
Guam,GUM,"Immunization, measles (% of children ages 12-23 months)",SH.IMM.MEAS,,,,,,,,,,,,,,,,,,,,,,,,,,,,,,,,,,,,,,,
Guyana,GUY,"Immunization, measles (% of children ages 12-23 months)",SH.IMM.MEAS,,,68,51,56,40,42,52,55,69,73,76,73,92,83,77,91,82,93,87,86,92,93,89,88,92,90,96,95,97,95,98,99,99,99,99,99,99,
High income,HIC,"Immunization, measles (% of children ages 12-23 months)",SH.IMM.MEAS,64.74129883,67.89879558,69.85140761,70.22124711,75.31430006,78.00162123,81.50166475,78.1217629,84.28949057,86.54125506,84.53006909,84.44032333,82.90312646,84.56037485,87.71909466,89.12538756,90.37569916,89.9400512,90.04764701,90.99951114,91.18471776,91.48231534,92.25932749,93.06511265,93.4097493,93.05094557,93.24914333,93.06636635,93.28377891,92.54228307,93.37973454,93.49551958,93.84993943,93.81874712,94.18936708,93.56842734,93.615074,93.56096241,
"Hong Kong SAR, China",HKG,"Immunization, measles (% of children ages 12-23 months)",SH.IMM.MEAS,,,,,,,,,,,,,,,,,,,,,,,,,,,,,,,,,,,,,,,
Honduras,HND,"Immunization, measles (% of children ages 12-23 months)",SH.IMM.MEAS,31,34,48,49,44,53,60,57,76,94,90,86,89,94,93,89,91,89,98,98,98,99,97,94,91,95,95,94,93,97,97,97,97,97,97,97,97,97,
Heavily indebted poor countries (HIPC),HPC,"Immunization, measles (% of children ages 12-23 months)",SH.IMM.MEAS,,22.1680671,24.62257095,26.86632554,25.50757009,29.79452467,36.78279237,39.69462849,45.41000844,49.39590225,53.35286285,46.9551305,46.54659571,48.45550537,54.69741777,53.33787772,54.21608206,52.69120161,50.77880032,50.49964091,54.47218785,54.95657293,57.32284302,61.08944724,63.35290111,66.018206,68.37199867,70.60141721,70.21326393,73.77616,75.96543761,75.88403374,76.19105021,75.09764698,74.53834508,76.75377246,76.12647597,77.61022213,
Croatia,HRV,"Immunization, measles (% of children ages 12-23 months)",SH.IMM.MEAS,,,,,,,,,,,,,90,90,90,92,92,91,91,92,93,94,95,95,96,96,95,96,98,95,96,96,95,94,94,93,90,89,
Haiti,HTI,"Immunization, measles (% of children ages 12-23 months)",SH.IMM.MEAS,,,3,6,8,21,26,23,59,31,31,35,39,44,48,49,50,52,53,54,55,55,56,57,57,58,59,60,62,63,64,65,65,65,53,53,53,53,
Hungary,HUN,"Immunization, measles (% of children ages 12-23 months)",SH.IMM.MEAS,99,99,99,99,99,99,99,99,99,99,99,99,99,99,99,99,99,99,99,99,99,99,99,99,99,99,99,99,99,99,99,99,99,99,99,99,99,99,
IBRD only,IBD,"Immunization, measles (% of children ages 12-23 months)",SH.IMM.MEAS,,,,,,46.75766769,44.86129765,55.12628658,66.45110215,70.94329417,77.74700144,72.96188346,73.89055138,74.45776606,75.25356701,78.34329547,78.13531117,75.4276128,75.01158933,76.13376175,76.21373669,77.2237237,76.11762262,77.45687975,79.36867118,80.72238829,83.19291019,83.59473946,85.27174074,87.56172182,88.86758389,90.08494459,89.97310267,89.44470382,89.23956372,89.96718299,90.25088609,90.29417347,
IDA & IBRD total,IBT,"Immunization, measles (% of children ages 12-23 months)",SH.IMM.MEAS,,,,,47.2826364,42.01945108,41.7492723,50.33213657,60.53039667,66.40049215,72.4755645,68.25804897,68.52307115,68.98912668,70.29445548,72.26810752,71.53918381,69.72985467,69.29589349,69.78284845,70.28967812,70.94328936,70.35106514,72.08557073,74.12391582,75.66532823,77.63881575,78.22251831,79.89412572,82.59081926,83.36567922,83.84558369,83.40830543,83.10576712,83.03092318,83.82530418,83.89514387,84.054898,
IDA total,IDA,"Immunization, measles (% of children ages 12-23 months)",SH.IMM.MEAS,,,,,22.10132561,27.00258017,32.33246788,35.83449041,42.61117474,52.75589867,56.9409883,54.52627578,53.6675262,54.64821858,57.93717245,57.79603558,57.00675521,56.99580168,56.80398251,56.26536894,57.9054064,57.9541753,58.67026312,61.35429401,63.78817205,65.83899868,66.90232135,68.08888382,69.90559394,73.49380246,73.43449755,72.87190529,71.90838784,72.12155701,72.4025092,73.45968574,73.32744319,73.86284958,
IDA blend,IDB,"Immunization, measles (% of children ages 12-23 months)",SH.IMM.MEAS,,,,,27.02196917,34.20840658,40.34400548,45.14087453,50.79701193,57.30354328,56.75272217,57.98137634,54.9838863,52.78964477,53.15068479,53.48146558,51.73151222,52.53827031,54.33880261,52.43595204,52.35483924,52.34563628,51.82200676,53.84709861,55.51067656,56.21094586,57.90144382,56.38487136,62.40833457,66.37480538,64.2254034,62.27104979,61.69393071,63.5968944,64.82299453,64.94208472,64.73683911,64.13126697,
Indonesia,IDN,"Immunization, measles (% of children ages 12-23 months)",SH.IMM.MEAS,,,,6,13,26,45,48,51,54,58,61,65,68,66,63,79,77,77,77,76,76,72,74,76,77,79,76,76,74,78,80,82,81,75,75,76,75,
IDA only,IDX,"Immunization, measles (% of children ages 12-23 months)",SH.IMM.MEAS,,,17.10714715,19.12694493,19.43528787,23.26967044,28.49838126,31.31651642,38.60993565,50.52588714,57.03316552,52.83079995,52.99175195,55.58732347,60.33100864,59.93605411,59.58530192,59.18099393,58.00798646,58.10788173,60.56314274,60.63154279,61.91938169,64.89783859,67.68898796,70.39080344,71.16268483,73.73659698,73.5739345,77.02393856,78.05252022,78.21461928,77.03599724,76.41712123,76.22855076,77.75866005,77.65571594,78.75029558,
Isle of Man,IMN,"Immunization, measles (% of children ages 12-23 months)",SH.IMM.MEAS,,,,,,,,,,,,,,,,,,,,,,,,,,,,,,,,,,,,,,,
India,IND,"Immunization, measles (% of children ages 12-23 months)",SH.IMM.MEAS,,,,,,1,10,24,32,42,56,43,51,59,67,72,66,55,53,56,56,57,56,60,64,68,69,70,72,78,82,84,83,83,85,87,88,88,
Not classified,INX,"Immunization, measles (% of children ages 12-23 months)",SH.IMM.MEAS,,,,,,,,,,,,,,,,,,,,,,,,,,,,,,,,,,,,,,,
Ireland,IRL,"Immunization, measles (% of children ages 12-23 months)",SH.IMM.MEAS,,,,10,10,63,65,66,68,78,78,78,78,78,78,77,77,77,77,77,79,73,73,78,81,84,86,87,89,90,90,92,92,92,93,93,92,92,
"Iran, Islamic Rep.",IRN,"Immunization, measles (% of children ages 12-23 months)",SH.IMM.MEAS,39,48,55,38,38,62,55,55,83,79,85,84,96,96,97,95,99,95,99,99,99,96,99,99,96,94,99,97,98,99,99,99,98,98,99,99,99,99,
Iraq,IRQ,"Immunization, measles (% of children ages 12-23 months)",SH.IMM.MEAS,9,10,11,12,25,70,75,91,85,79,75,71,67,63,72,80,82,85,88,90,86,82,77,73,69,69,62,64,76,81,75,77,69,63,57,57,66,71,
Iceland,ISL,"Immunization, measles (% of children ages 12-23 months)",SH.IMM.MEAS,,,,81,96,96,95,97,99,99,99,99,99,99,98,99,99,99,96,94,91,88,91,93,93,90,95,95,96,92,93,94,90,91,90,93,91,92,
Israel,ISR,"Immunization, measles (% of children ages 12-23 months)",SH.IMM.MEAS,81,83,88,85,85,85,88,88,86,88,91,94,94,92,92,93,96,97,94,94,95,95,95,96,97,94,96,97,98,97,96,97,96,98,97,98,97,98,
Italy,ITA,"Immunization, measles (% of children ages 12-23 months)",SH.IMM.MEAS,,,,,,,,,,,43,50,50,50,50,50,55,57,55,70,74,77,81,84,86,87,88,90,90,90,91,90,90,90,87,85,89,92,
Jamaica,JAM,"Immunization, measles (% of children ages 12-23 months)",SH.IMM.MEAS,,,12,15,60,64,36,62,68,71,74,77,63,80,82,90,96,88,88,82,88,85,86,78,86,84,87,76,88,88,89,88,93,94,92,91,95,95,
Jordan,JOR,"Immunization, measles (% of children ages 12-23 months)",SH.IMM.MEAS,29,40,48,56,65,73,81,87,87,84,87,85,91,88,91,92,94,95,93,83,94,99,95,96,99,95,99,95,95,95,98,98,98,97,98,94,96,93,
Japan,JPN,"Immunization, measles (% of children ages 12-23 months)",SH.IMM.MEAS,69,68,66,70,73,73,74,75,76,77,73,71,69,68,81,93,94,94,95,95,96,98,98,98,98,98,97,96,95,94,94,94,96,95,98,96,96,96,
Kazakhstan,KAZ,"Immunization, measles (% of children ages 12-23 months)",SH.IMM.MEAS,,,,,,,,,,,,,89,91,91,95,97,97,99,99,99,95,95,99,99,99,99,99,99,99,99,99,96,99,99,99,99,99,
Kenya,KEN,"Immunization, measles (% of children ages 12-23 months)",SH.IMM.MEAS,,,,,55,63,65,69,72,75,78,81,84,84,84,83,81,79,90,76,78,77,78,72,73,69,77,80,90,88,86,87,93,94,95,96,96,89,
Kyrgyz Republic,KGZ,"Immunization, measles (% of children ages 12-23 months)",SH.IMM.MEAS,,,,,,,,,,,,,94,93,88,97,98,98,98,99,98,99,98,99,99,99,97,99,99,99,99,97,98,99,96,99,97,95,
Cambodia,KHM,"Immunization, measles (% of children ages 12-23 months)",SH.IMM.MEAS,,,,,27,29,54,53,39,39,34,39,33,36,50,62,56,50,54,63,65,59,52,65,80,79,78,79,89,92,90,88,84,79,83,84,84,84,
Kiribati,KIR,"Immunization, measles (% of children ages 12-23 months)",SH.IMM.MEAS,,,,24,8,4,9,14,54,63,75,62,77,89,70,47,64,82,77,62,80,76,88,72,56,85,61,93,72,82,89,90,91,91,88,84,80,81,
St. Kitts and Nevis,KNA,"Immunization, measles (% of children ages 12-23 months)",SH.IMM.MEAS,,,,,85,91,96,91,77,90,99,99,99,99,99,99,99,97,99,99,99,90,99,98,98,99,99,99,99,99,99,99,95,99,93,95,98,93,
"Korea, Rep.",KOR,"Immunization, measles (% of children ages 12-23 months)",SH.IMM.MEAS,4,5,5,33,61,89,89,82,70,95,93,93,93,92,92,93,89,85,85,90,95,96,97,96,99,99,99,92,92,93,98,99,99,99,99,98,98,98,
Kuwait,KWT,"Immunization, measles (% of children ages 12-23 months)",SH.IMM.MEAS,48,71,79,80,88,91,93,95,97,98,66,75,85,95,98,98,99,95,99,96,99,99,97,97,97,99,99,99,99,99,98,99,99,99,94,93,99,99,
Latin America & Caribbean (excluding high income),LAC,"Immunization, measles (% of children ages 12-23 months)",SH.IMM.MEAS,40.22262696,46.83915459,45.88625752,44.85213608,48.82201659,59.37780301,58.53762687,57.80535034,63.4915357,67.55348531,74.06247077,78.57990424,81.86011126,80.75627692,81.13678679,84.98177389,82.77674145,88.17288908,90.46597621,91.84224567,93.67771225,95.10908957,93.3935665,93.68974477,92.72757479,92.46225722,94.22781732,93.90945324,95.04282249,93.96383742,93.27742871,94.55096684,95.46358525,91.39253058,92.10176611,92.88233037,92.12954487,92.50901081,
Lao PDR,LAO,"Immunization, measles (% of children ages 12-23 months)",SH.IMM.MEAS,,7,7,7,6,6,10,11,23,20,32,47,46,46,73,68,73,67,71,71,42,50,55,42,36,41,48,40,52,59,64,69,72,82,87,88,76,82,
Lebanon,LBN,"Immunization, measles (% of children ages 12-23 months)",SH.IMM.MEAS,,,1,8,16,23,30,39,48,58,61,65,76,88,88,85,85,89,83,77,71,65,59,53,58,63,69,74,79,79,79,79,79,79,79,79,79,79,
Liberia,LBR,"Immunization, measles (% of children ages 12-23 months)",SH.IMM.MEAS,,,,,,,,,,,,,,,,,,,,69,63,58,52,47,41,62,63,71,76,83,65,71,80,74,58,64,80,87,
Libya,LBY,"Immunization, measles (% of children ages 12-23 months)",SH.IMM.MEAS,61,66,65,71,76,75,78,75,76,79,89,87,88,91,92,92,93,91,92,92,93,93,91,96,99,97,98,98,98,98,98,98,98,96,93,98,97,94,
St. Lucia,LCA,"Immunization, measles (% of children ages 12-23 months)",SH.IMM.MEAS,,,43,36,60,68,91,81,83,91,82,97,75,94,92,94,95,95,90,95,88,89,98,90,95,94,94,94,99,99,95,91,99,99,99,97,99,87,
Latin America & Caribbean,LCN,"Immunization, measles (% of children ages 12-23 months)",SH.IMM.MEAS,43.1398919,50.2533551,48.52317084,47.70474718,51.78107847,59.9330494,61.05868675,60.26415882,65.82587782,69.58543054,75.93393241,80.55404727,82.71153477,82.05872715,82.50891446,86.16659334,84.11398716,88.69778331,90.97952634,92.21708438,93.58405719,94.74869215,93.53836895,93.95697004,93.20876935,92.82700541,94.33532447,93.87901762,95.12679139,94.09746053,93.41910952,94.51020868,95.23451456,91.56652794,92.42403586,92.68832411,92.01978412,92.32240109,
Least developed countries: UN classification,LDC,"Immunization, measles (% of children ages 12-23 months)",SH.IMM.MEAS,,,15.99965117,18.76507748,19.06175575,22.93211652,27.35576779,30.86934511,37.74750538,48.82299084,55.09949514,50.89549847,50.45364253,53.30761945,58.37352668,57.95213277,57.7317335,57.61903189,55.55891232,55.42943243,57.32766347,58.53730044,59.90085424,62.73084537,65.53295266,67.52629425,68.63346091,72.46628057,72.27210494,75.40818326,76.86312978,77.38958573,76.22878548,75.41805662,75.30514743,76.53975794,75.93197776,76.61380001,
Low income,LIC,"Immunization, measles (% of children ages 12-23 months)",SH.IMM.MEAS,,22.51654636,24.61332746,26.68458046,25.90842846,30.85905498,38.68541425,38.95956917,45.50571277,50.56849131,55.16757541,48.2429029,48.12229766,50.63217772,55.1991032,53.25306293,53.64977936,51.95143342,50.94170083,51.75660509,54.41505548,55.14780702,57.2215086,60.57633655,62.72779452,65.08196874,67.56029116,69.44549853,69.16726072,73.00005625,74.78570683,75.69894168,74.52787881,73.30882246,72.60827299,74.31747112,74.04714416,75.0695295,
Liechtenstein,LIE,"Immunization, measles (% of children ages 12-23 months)",SH.IMM.MEAS,,,,,,,,,,,,,,,,,,,,,,,,,,,,,,,,,,,,,,,
Sri Lanka,LKA,"Immunization, measles (% of children ages 12-23 months)",SH.IMM.MEAS,,,,,3,20,45,60,68,76,80,79,82,86,84,87,89,94,94,95,99,99,99,99,96,99,99,98,98,97,99,99,99,99,99,99,99,99,
Lower middle income,LMC,"Immunization, measles (% of children ages 12-23 months)",SH.IMM.MEAS,,,,,,16.39360385,24.92069121,34.30035674,42.13374456,52.5069243,60.9117907,55.41627484,59.26302251,63.31047929,67.31845092,69.48737536,67.75869349,63.17051612,62.48992667,63.07169749,63.35543132,64.09402996,63.32564628,65.93096249,69.09608982,71.28866473,71.78361887,72.3612425,74.40735326,77.82830418,78.9988454,79.42190381,78.9924738,79.48959427,79.56969492,80.4611756,80.75620734,81.14011059,
Low & middle income,LMY,"Immunization, measles (% of children ages 12-23 months)",SH.IMM.MEAS,,,,,46.35437815,41.49068467,41.07358967,49.75909574,60.1054589,66.19891207,72.27994819,67.98202994,68.32380372,68.75517538,70.00014325,71.90763048,71.08685092,69.25271894,68.86629705,69.41719633,70.01863546,70.75332315,70.13726344,71.86669834,73.91134568,75.47833821,77.47069538,78.08456248,79.74360816,82.4722409,83.26179319,83.74801063,83.320874,83.02157489,82.93257507,83.77473709,83.85242165,84.01459759,
Lesotho,LSO,"Immunization, measles (% of children ages 12-23 months)",SH.IMM.MEAS,49,49,51,53,63,73,76,78,79,79,80,81,81,82,82,83,82,80,79,77,74,70,78,85,84,83,82,81,80,84,88,92,91,90,90,90,90,90,
Late-demographic dividend,LTE,"Immunization, measles (% of children ages 12-23 months)",SH.IMM.MEAS,,,,68.49161685,70.87691268,75.25957623,61.28145595,72.24680926,86.83174497,88.72119026,93.64266819,90.12474654,86.40704337,83.42155172,79.16308708,83.96099286,85.61927928,87.02773678,86.85380206,88.07066984,88.73058987,89.56072251,89.30645294,89.14420575,90.11988268,90.38764445,94.30409402,94.44934239,96.82209811,97.99923063,98.1205571,97.98865139,98.13722349,98.19016554,98.00080493,97.90737232,97.8241992,97.9537232,
Lithuania,LTU,"Immunization, measles (% of children ages 12-23 months)",SH.IMM.MEAS,,,,,,,,,,,,,89,92,93,94,96,96,97,97,97,97,98,98,98,97,97,97,97,96,96,94,93,93,93,94,94,94,
Luxembourg,LUX,"Immunization, measles (% of children ages 12-23 months)",SH.IMM.MEAS,,,,39,49,58,68,77,71,80,80,80,80,83,86,88,91,91,92,92,93,94,94,95,95,95,95,96,96,96,96,96,99,99,99,99,99,99,
Latvia,LVA,"Immunization, measles (% of children ages 12-23 months)",SH.IMM.MEAS,,,,,,,,,,,,,95,80,81,81,96,97,97,97,97,98,98,98,98,98,98,95,96,92,95,92,90,96,95,96,93,96,
"Macao SAR, China",MAC,"Immunization, measles (% of children ages 12-23 months)",SH.IMM.MEAS,,,,,,,,,,,,,,,,,,,,,,,,,,,,,,,,,,,,,,,
St. Martin (French part),MAF,"Immunization, measles (% of children ages 12-23 months)",SH.IMM.MEAS,,,,,,,,,,,,,,,,,,,,,,,,,,,,,,,,,,,,,,,
Morocco,MAR,"Immunization, measles (% of children ages 12-23 months)",SH.IMM.MEAS,,,17,35,42,45,58,73,81,82,79,80,81,83,87,88,93,92,91,90,93,96,94,90,95,97,95,95,96,98,98,99,99,99,99,99,99,99,
Monaco,MCO,"Immunization, measles (% of children ages 12-23 months)",SH.IMM.MEAS,,,,,,,,,99,99,99,98,98,99,99,99,99,99,99,99,98,98,97,96,96,95,94,94,93,92,92,91,90,90,89,88,88,87,
Moldova,MDA,"Immunization, measles (% of children ages 12-23 months)",SH.IMM.MEAS,,,,,,,,,,,,,73,64,85,91,90,95,93,93,89,94,94,96,96,97,96,96,95,90,97,91,91,91,90,89,88,93,
Madagascar,MDG,"Immunization, measles (% of children ages 12-23 months)",SH.IMM.MEAS,,,,,1,6,18,28,36,44,47,54,54,54,63,55,46,46,51,55,57,59,61,65,79,74,71,81,70,63,66,62,61,63,64,58,58,58,
Maldives,MDV,"Immunization, measles (% of children ages 12-23 months)",SH.IMM.MEAS,,39,34,37,40,47,50,41,83,88,96,97,98,86,97,96,95,96,98,97,99,98,97,96,97,97,97,97,97,98,97,96,98,99,99,99,99,99,
Middle East & North Africa,MEA,"Immunization, measles (% of children ages 12-23 months)",SH.IMM.MEAS,30.56076746,34.25946307,37.77410212,36.71177365,41.70297376,61.10918676,64.14374915,66.38132929,78.25580822,80.8740145,83.168504,82.74639385,84.23781144,84.66112689,84.38251742,85.42395892,87.49107989,86.97834087,90.82540774,90.6254417,90.74482451,89.92699077,89.03352714,88.68938421,88.8548027,88.84395947,88.72755698,88.93360078,88.97335345,90.74870823,90.90990948,90.95816162,87.9449988,88.53722476,86.89545593,86.59684475,89.08729394,88.30195797,
Mexico,MEX,"Immunization, measles (% of children ages 12-23 months)",SH.IMM.MEAS,35,33,37,23,21,64,60,54,70,85,75,89,88,79,90,90,93,91,96,94,96,95,96,96,96,96,96,96,96,96,95,98,99,89,97,97,96,96,
Marshall Islands,MHL,"Immunization, measles (% of children ages 12-23 months)",SH.IMM.MEAS,,,,,,,,31,25,39,52,74,86,36,59,57,69,52,93,93,94,64,80,90,70,86,96,94,86,78,97,88,78,79,79,75,75,83,
Middle income,MIC,"Immunization, measles (% of children ages 12-23 months)",SH.IMM.MEAS,,,,,49.51922462,42.77353798,41.36450586,51.06932303,61.87999445,68.12021105,74.43356189,70.50146853,70.9890102,71.29794222,72.19009326,74.7982943,74.00489511,72.12059388,71.91053285,72.53240909,72.83110421,73.6073591,72.55547334,74.0196362,76.08193432,77.53071284,79.44598572,79.84350982,81.92923494,84.45698425,85.06033357,85.51061323,85.25877245,85.18469477,85.25952584,85.93699714,86.12676686,86.1293346,
North Macedonia,MKD,"Immunization, measles (% of children ages 12-23 months)",SH.IMM.MEAS,,,,,,,,,,,,,,98,88,97,91,98,96,98,97,92,98,96,96,96,94,96,98,96,98,97,96,96,93,89,82,83,
Mali,MLI,"Immunization, measles (% of children ages 12-23 months)",SH.IMM.MEAS,,,,,,19,27,11,23,40,43,42,35,51,46,52,57,56,54,51,49,54,56,57,63,73,68,66,71,73,78,72,67,62,61,61,61,61,
Malta,MLT,"Immunization, measles (% of children ages 12-23 months)",SH.IMM.MEAS,,,,,10,10,35,59,41,86,80,90,92,90,71,51,51,56,60,67,74,70,65,90,94,86,94,79,78,82,73,84,93,99,98,89,93,91,
Myanmar,MMR,"Immunization, measles (% of children ages 12-23 months)",SH.IMM.MEAS,,,,,,,5,17,32,50,68,67,68,71,77,82,86,88,89,86,84,73,77,80,86,84,78,81,82,87,88,88,84,86,88,84,91,83,
Middle East & North Africa (excluding high income),MNA,"Immunization, measles (% of children ages 12-23 months)",SH.IMM.MEAS,31.29407601,35.08738869,35.59804924,33.27873815,38.12293724,59.28293634,62.52478149,64.89855592,77.79671967,79.87394439,82.70181888,81.5898423,83.67714733,83.84921949,83.34016262,84.39925003,86.80063835,86.19939743,90.45309681,90.31490991,90.23712953,89.32244691,88.06783916,87.74441668,87.81483153,87.86713416,87.88469386,88.01808208,87.94571275,89.86741348,90.07535565,90.09004686,86.7317542,87.35661305,85.57331338,85.23979132,88.02174455,87.20982796,
Montenegro,MNE,"Immunization, measles (% of children ages 12-23 months)",SH.IMM.MEAS,,,,,,,,,,,,,,,,,,,,,,,,,,,90,90,89,86,90,91,90,88,76,64,47,58,
Mongolia,MNG,"Immunization, measles (% of children ages 12-23 months)",SH.IMM.MEAS,17,12,6,1,20,18,11,61,70,86,92,82,84,84,80,85,89,91,93,93,92,95,98,98,99,97,99,98,97,94,97,98,99,97,98,98,98,99,
Northern Mariana Islands,MNP,"Immunization, measles (% of children ages 12-23 months)",SH.IMM.MEAS,,,,,,,,,,,,,,,,,,,,,,,,,,,,,,,,,,,,,,,
Mozambique,MOZ,"Immunization, measles (% of children ages 12-23 months)",SH.IMM.MEAS,,32,58,51,50,39,39,37,44,48,59,55,56,62,65,71,58,61,64,67,71,74,77,80,79,78,76,75,77,80,82,82,82,85,85,85,85,85,
Mauritania,MRT,"Immunization, measles (% of children ages 12-23 months)",SH.IMM.MEAS,,45,44,43,42,41,40,27,45,42,38,32,43,49,53,67,66,64,62,62,46,58,87,84,73,65,62,67,65,59,67,67,75,80,75,70,72,78,
Mauritius,MUS,"Immunization, measles (% of children ages 12-23 months)",SH.IMM.MEAS,,,34,53,55,67,71,69,73,80,76,88,84,84,85,89,61,87,85,80,84,90,84,91,98,98,99,98,98,99,99,99,99,99,98,99,92,89,
Malawi,MWI,"Immunization, measles (% of children ages 12-23 months)",SH.IMM.MEAS,49,64,64,58,50,49,60,79,82,84,81,85,91,87,83,90,90,87,90,82,73,81,69,77,80,82,85,83,88,92,93,96,90,88,85,87,81,83,
Malaysia,MYS,"Immunization, measles (% of children ages 12-23 months)",SH.IMM.MEAS,,,,11,23,20,35,68,61,61,70,80,82,81,95,97,97,98,96,97,96,95,94,93,95,96,95,95,95,95,95,95,95,95,94,93,93,93,
North America,NAC,"Immunization, measles (% of children ages 12-23 months)",SH.IMM.MEAS,86,97,97,98,98,97,97,80.90745452,96.82539506,93.37100621,89.91043228,87.44204299,83.99232533,85.08676358,89.72461859,88.72047813,91.53784775,91.43863933,92.3436886,92.33588445,91.4105423,91.32004454,91.31308066,93.15377167,93.07614546,92.1523053,92.07522159,92.15698606,92.08040836,90.08240616,91.83152885,91.65332869,91.61115426,91.82300145,91.82139437,91.82073765,91.82071947,91.7336873,
Namibia,NAM,"Immunization, measles (% of children ages 12-23 months)",SH.IMM.MEAS,,,,,,,,,,,,76,76,71,70,68,61,59,64,65,69,58,68,70,70,73,63,69,73,76,75,74,76,82,83,85,75,80,
New Caledonia,NCL,"Immunization, measles (% of children ages 12-23 months)",SH.IMM.MEAS,,,,,,,,,,,,,,,,,,,,,,,,,,,,,,,,,,,,,,,
Niger,NER,"Immunization, measles (% of children ages 12-23 months)",SH.IMM.MEAS,,19,18,16,22,27,27,27,24,14,25,28,21,19,19,40,38,35,35,35,37,39,41,43,45,47,53,60,66,69,67,69,75,76,73,75,76,78,
Nigeria,NGA,"Immunization, measles (% of children ages 12-23 months)",SH.IMM.MEAS,,,,,9,17,28,36,46,59,54,57,43,40,41,44,38,38,38,35,33,32,30,34,37,41,44,41,53,64,56,49,42,43,44,42,42,42,
Nicaragua,NIC,"Immunization, measles (% of children ages 12-23 months)",SH.IMM.MEAS,15,20,40,41,56,59,51,47,63,63,82,54,83,84,84,85,85,86,91,87,86,99,98,93,84,96,99,99,99,99,99,99,99,99,99,99,99,99,
Netherlands,NLD,"Immunization, measles (% of children ages 12-23 months)",SH.IMM.MEAS,91,91,92,92,92,92,93,93,94,94,94,94,95,94,94,94,96,96,96,96,96,95,95,96,96,95,96,96,96,96,96,96,96,96,96,95,94,93,
Norway,NOR,"Immunization, measles (% of children ages 12-23 months)",SH.IMM.MEAS,,,,80,80,90,87,87,87,84,87,94,96,93,94,92,92,93,91,90,88,90,87,86,89,90,92,92,93,93,93,93,94,93,94,95,96,96,
Nepal,NPL,"Immunization, measles (% of children ages 12-23 months)",SH.IMM.MEAS,,2,2,11,24,34,37,37,58,57,57,57,58,58,58,56,65,73,67,81,71,71,71,75,73,74,85,81,79,90,86,88,86,88,88,85,83,90,
Nauru,NRU,"Immunization, measles (% of children ages 12-23 months)",SH.IMM.MEAS,,,,,,,,,,,,,,,,,,99,90,49,8,95,40,53,67,80,99,99,99,99,99,99,96,97,98,98,98,95,
New Zealand,NZL,"Immunization, measles (% of children ages 12-23 months)",SH.IMM.MEAS,80,77,74,71,67,64,60,67,75,83,90,82,82,85,87,84,92,99,81,83,85,85,84,84,83,82,82,79,86,89,91,93,92,92,93,93,92,93,
OECD members,OED,"Immunization, measles (% of children ages 12-23 months)",SH.IMM.MEAS,57.72056772,62.17275103,64.8570026,62.71528881,66.14360437,75.56153916,76.74193603,73.32743264,82.02303733,84.80780821,82.09880229,83.05281274,82.53644136,81.88485225,86.47019843,86.62891877,88.76566739,88.87499654,89.73045858,90.28886464,91.38368129,91.92380621,91.66363802,91.61702793,92.2802221,92.86223269,93.76257763,93.53786912,93.65520561,92.94362506,93.58287465,94.18623605,94.54706481,93.20874865,94.35983013,94.37587209,94.3014638,94.15084204,
Oman,OMN,"Immunization, measles (% of children ages 12-23 months)",SH.IMM.MEAS,22,10,24,34,53,65,79,86,87,94,98,96,96,95,97,98,98,98,98,99,99,99,99,98,98,98,96,97,98,99,99,99,99,99,99,99,99,99,
Other small states,OSS,"Immunization, measles (% of children ages 12-23 months)",SH.IMM.MEAS,,,,,,57.63552384,65.80167462,70.36059544,72.51033115,77.90976443,80.95304646,77.07894958,76.94324458,77.42175996,78.24167403,76.95969371,73.87448362,74.82849484,75.91188344,75.2809137,77.1450596,75.77619997,77.21662708,78.77103068,79.63099079,79.34667916,79.07480446,80.05075955,82.15613153,82.94801438,82.72722408,83.75622432,84.09772043,85.1189101,84.61875255,84.01763024,82.50457582,82.2089933,
Pakistan,PAK,"Immunization, measles (% of children ages 12-23 months)",SH.IMM.MEAS,1,2,3,19,33,38,41,43,46,48,50,51,52,52,53,47,50,52,54,56,57,59,60,62,63,61,59,57,56,56,57,59,63,68,71,75,75,76,
Panama,PAN,"Immunization, measles (% of children ages 12-23 months)",SH.IMM.MEAS,71,76,64,85,72,84,74,78,73,73,73,80,76,83,84,84,90,92,96,90,97,95,95,95,97,99,95,95,96,96,97,97,98,92,90,93,95,98,
Peru,PER,"Immunization, measles (% of children ages 12-23 months)",SH.IMM.MEAS,23,26,32,28,35,53,41,56,52,52,64,74,83,75,75,98,87,91,93,93,97,97,95,95,85,77,93,92,92,91,94,96,94,85,89,92,88,83,
Philippines,PHL,"Immunization, measles (% of children ages 12-23 months)",SH.IMM.MEAS,,,9,27,44,49,51,67,77,83,85,83,81,78,75,72,76,79,80,80,78,81,82,87,92,92,92,92,92,88,80,87,87,87,79,82,80,89,
Palau,PLW,"Immunization, measles (% of children ages 12-23 months)",SH.IMM.MEAS,,,,,,,98,98,99,98,98,98,94,32,41,99,99,83,74,96,83,91,99,99,99,98,98,91,97,75,39,85,91,99,83,95,96,96,
Papua New Guinea,PNG,"Immunization, measles (% of children ages 12-23 months)",SH.IMM.MEAS,,,,1,26,33,39,37,46,52,67,69,70,28,36,42,24,50,63,67,69,65,73,77,77,82,84,77,73,74,74,79,86,89,84,79,70,62,
Poland,POL,"Immunization, measles (% of children ages 12-23 months)",SH.IMM.MEAS,92,93,93,94,94,92,92,94,95,95,95,94,95,95,96,96,97,97,97,97,97,97,98,97,97,98,99,98,98,98,98,98,98,98,97,96,96,96,
Pre-demographic dividend,PRE,"Immunization, measles (% of children ages 12-23 months)",SH.IMM.MEAS,,,,,25.55676687,32.62129481,40.26203855,44.98495379,50.73507582,55.79870978,56.08569482,53.97094669,50.88846867,50.64737683,52.80059909,54.1831212,52.05665257,51.87512936,50.73008627,49.12832994,51.72579198,53.11444352,54.36704523,57.26649458,59.85052469,61.24478756,63.41657276,65.36823228,67.85728046,72.3023466,72.05240612,69.79062862,69.32938945,68.62859595,68.05345863,68.15379807,67.66201738,68.70224673,
Puerto Rico,PRI,"Immunization, measles (% of children ages 12-23 months)",SH.IMM.MEAS,,,,,,,,,,,,,,,,,,,,,,,,,,,,,,,,,,,,,,,
"Korea, Dem. People’s Rep.",PRK,"Immunization, measles (% of children ages 12-23 months)",SH.IMM.MEAS,29,31,29,30,31,38,44,35,58,99,98,98,99,99,83,67,50,34,49,63,78,92,98,95,95,96,96,99,98,98,99,99,99,99,99,98,99,99,
Portugal,PRT,"Immunization, measles (% of children ages 12-23 months)",SH.IMM.MEAS,54,49,46,48,48,70,75,81,84,96,85,96,99,95,91,94,99,96,96,92,87,90,93,96,95,93,97,95,97,95,96,97,97,98,98,98,98,98,
Paraguay,PRY,"Immunization, measles (% of children ages 12-23 months)",SH.IMM.MEAS,19,16,26,37,62,48,46,56,63,58,69,74,87,96,76,75,81,61,71,82,92,90,86,91,91,91,91,91,91,91,93,91,88,88,84,78,85,92,
West Bank and Gaza,PSE,"Immunization, measles (% of children ages 12-23 months)",SH.IMM.MEAS,,,,,,,,,,,,,,,,,,,,,,,,,,,,,,,,,,,,,,,
Pacific island small states,PSS,"Immunization, measles (% of children ages 12-23 months)",SH.IMM.MEAS,,,16.57529731,35.50510466,30.68466894,55.29956442,49.69467738,60.72606929,68.30200111,73.96457912,79.01222821,81.64085029,81.78486755,84.06837997,80.35695816,82.11143877,87.78238803,76.05481271,76.30534557,83.3262951,83.25276083,81.13327717,81.75207527,79.20376579,76.58091012,81.8151176,84.07374835,84.80922081,76.56044627,76.87938864,80.07603132,82.40111062,87.34544427,86.17636882,85.62202691,81.71394082,84.3803777,83.95954072,
Post-demographic dividend,PST,"Immunization, measles (% of children ages 12-23 months)",SH.IMM.MEAS,,67.58992401,68.84355896,69.61153114,74.76457073,78.84995467,80.90068627,77.16650388,83.84606185,86.08022644,83.32316285,82.40844793,81.88363796,83.4320312,86.87505846,88.18748276,89.51332075,89.49492512,89.38355617,90.60742269,90.91011654,91.51116828,91.89887297,92.75124035,92.96819176,92.58985514,92.95233452,92.88451385,92.70477288,91.11053729,91.31745731,91.84363594,92.89558224,92.84934845,92.17156121,91.87354584,91.37596497,93.15423617,
French Polynesia,PYF,"Immunization, measles (% of children ages 12-23 months)",SH.IMM.MEAS,,,,,,,,,,,,,,,,,,,,,,,,,,,,,,,,,,,,,,,
Qatar,QAT,"Immunization, measles (% of children ages 12-23 months)",SH.IMM.MEAS,26,10,22,69,62,62,62,60,73,79,79,84,86,86,86,87,90,87,89,87,91,92,99,93,99,99,99,92,96,99,99,98,97,97,99,99,99,99,
Romania,ROU,"Immunization, measles (% of children ages 12-23 months)",SH.IMM.MEAS,,,,83,86,88,81,90,78,90,92,92,91,93,91,93,94,97,97,98,98,98,98,97,97,97,95,97,96,96,95,93,94,92,89,86,86,86,
Russian Federation,RUS,"Immunization, measles (% of children ages 12-23 months)",SH.IMM.MEAS,,,,,,,,,,,,,83,88,81,85,88,91,94,97,97,97,98,98,98,99,99,99,99,98,98,98,98,98,98,98,98,98,
Rwanda,RWA,"Immunization, measles (% of children ages 12-23 months)",SH.IMM.MEAS,,42,48,53,53,52,79,78,79,83,83,89,82,74,25,84,76,66,72,78,74,69,69,90,84,89,95,94,92,95,95,95,97,95,97,96,95,95,
South Asia,SAS,"Immunization, measles (% of children ages 12-23 months)",SH.IMM.MEAS,,,,,,5.858150814,13.5128899,25.0063504,32.57337825,44.18476773,55.97566001,46.74217373,52.90361438,59.32836395,65.94507368,69.00955247,64.18111941,56.6981294,55.05866959,57.76917254,57.88422766,59.35156796,58.47511672,61.89921161,65.57916696,69.03326331,69.34215202,70.26113994,71.85790667,76.41556045,78.89372869,80.96276344,80.14804516,81.02365281,83.18812516,85.16940418,85.80909193,86.06734009,
Saudi Arabia,SAU,"Immunization, measles (% of children ages 12-23 months)",SH.IMM.MEAS,8,12,53,65,71,79,77,77,81,90,88,95,88,91,93,94,92,92,93,92,94,94,97,96,97,97,95,96,97,98,98,98,98,98,98,98,98,96,
Sudan,SDN,"Immunization, measles (% of children ages 12-23 months)",SH.IMM.MEAS,,1,1,2,3,6,11,22,44,61,57,57,52,49,48,51,59,58,49,51,58,58,58,65,67,69,73,79,79,82,90,87,85,85,86,87,86,90,
Senegal,SEN,"Immunization, measles (% of children ages 12-23 months)",SH.IMM.MEAS,,,,,,,71,66,60,48,51,54,57,58,59,80,70,65,62,60,48,48,54,60,57,74,80,84,77,79,81,84,83,84,80,80,93,90,
Singapore,SGP,"Immunization, measles (% of children ages 12-23 months)",SH.IMM.MEAS,47,57,78,88,85,75,85,94,87,81,84,92,89,87,95,97,97,98,96,97,96,95,94,93,95,96,95,95,95,95,95,95,95,95,95,95,95,95,
Solomon Islands,SLB,"Immunization, measles (% of children ages 12-23 months)",SH.IMM.MEAS,,,,,,,31,58,69,92,70,76,70,64,60,68,90,68,66,99,91,83,78,82,87,87,99,90,71,69,74,77,87,76,76,75,82,84,
Sierra Leone,SLE,"Immunization, measles (% of children ages 12-23 months)",SH.IMM.MEAS,,,,,,,,,,,,,,,,,,,,62,37,50,62,73,76,71,65,60,73,80,82,84,86,85,80,78,85,80,
El Salvador,SLV,"Immunization, measles (% of children ages 12-23 months)",SH.IMM.MEAS,45,44,43,46,41,71,51,48,63,73,98,54,55,86,80,93,94,98,99,94,97,95,93,90,93,99,98,99,95,91,92,89,93,94,95,95,90,85,
San Marino,SMR,"Immunization, measles (% of children ages 12-23 months)",SH.IMM.MEAS,,,,,,,,,,,,99,99,96,97,97,98,98,99,99,99,97,96,94,94,94,90,90,86,88,88,90,84,82,81,84,82,82,
Somalia,SOM,"Immunization, measles (% of children ages 12-23 months)",SH.IMM.MEAS,9,3,4,6,16,35,25,28,33,30,30,30,32,33,35,34,33,25,32,38,24,20,45,40,40,35,35,35,34,43,46,46,46,46,46,46,46,46,
Serbia,SRB,"Immunization, measles (% of children ages 12-23 months)",SH.IMM.MEAS,,,,,,,,,,,,,82,85,81,86,90,92,88,84,89,90,92,87,89,96,88,95,92,95,95,93,87,92,86,86,82,86,
Sub-Saharan Africa (excluding high income),SSA,"Immunization, measles (% of children ages 12-23 months)",SH.IMM.MEAS,,,,,28.35159168,33.57525875,39.96829637,44.37581828,49.21346307,55.77883411,57.26714402,53.93192352,50.69487401,51.43621745,55.03211947,54.62696798,54.29218285,54.06865391,52.41749629,50.11422034,52.50995724,52.79332224,54.05785053,56.6206109,58.65702721,60.41519761,63.06429561,65.35026612,67.4301318,72.04269583,72.43005463,70.81290063,70.28575426,69.18265399,68.9187382,69.9332111,69.32676946,69.5523643,
South Sudan,SSD,"Immunization, measles (% of children ages 12-23 months)",SH.IMM.MEAS,,,,,,,,,,,,,,,,,,,,,,,,,,,,,,,,62,52,30,22,20,20,20,
Sub-Saharan Africa,SSF,"Immunization, measles (% of children ages 12-23 months)",SH.IMM.MEAS,,,,,28.35725728,33.58126658,39.97399773,44.38074537,49.21718411,55.78183168,57.26966487,53.93484499,50.69831243,51.43951531,55.03505807,54.63022796,54.29542762,54.0717833,52.42016301,50.11724909,52.51263286,52.79572036,54.06048877,56.6231903,58.65949748,60.41754067,63.06647264,65.35220681,67.43187956,72.0440244,72.43142524,70.81434115,70.28712117,69.18401308,68.92018762,69.93453336,69.32805571,69.5536517,
Small states,SST,"Immunization, measles (% of children ages 12-23 months)",SH.IMM.MEAS,,,,,52.1543543,56.84999294,60.13445024,68.28040152,71.39975395,76.03089961,79.38735883,78.55264795,76.17043626,79.09733088,79.44205526,79.31287658,78.6771622,77.33640715,78.54888024,77.73886132,79.81618252,78.52814579,79.32297415,79.5843896,81.01506637,81.09637793,80.99771919,81.22996939,83.06850253,83.88770399,83.83287019,84.70587556,85.2500272,86.42812219,85.87731769,85.05902597,84.08512504,83.9024412,
Sao Tome and Principe,STP,"Immunization, measles (% of children ages 12-23 months)",SH.IMM.MEAS,,25,32,40,48,35,58,69,69,45,71,77,52,57,65,74,57,60,59,64,69,75,85,87,91,88,85,86,93,90,92,91,92,91,92,93,93,90,
Suriname,SUR,"Immunization, measles (% of children ages 12-23 months)",SH.IMM.MEAS,,39,17,71,75,73,78,70,83,73,65,84,61,61,72,85,87,79,82,85,84,82,73,69,86,91,83,85,86,88,90,85,73,93,85,94,97,97,
Slovak Republic,SVK,"Immunization, measles (% of children ages 12-23 months)",SH.IMM.MEAS,,,,,,,,,,,,,,,97,99,99,99,99,99,98,99,99,99,99,98,98,99,99,99,98,98,99,98,97,95,95,96,
Slovenia,SVN,"Immunization, measles (% of children ages 12-23 months)",SH.IMM.MEAS,,,,,,,,,,,,,90,90,91,93,93,82,93,98,95,94,93,94,94,94,96,96,96,95,95,96,95,94,94,94,92,93,
Sweden,SWE,"Immunization, measles (% of children ages 12-23 months)",SH.IMM.MEAS,88,92,91,93,94,94,94,94,95,95,96,96,96,97,97,97,96,96,94,89,91,94,95,95,96,96,97,96,96,97,97,97,98,97,97,97,97,97,
Eswatini,SWZ,"Immunization, measles (% of children ages 12-23 months)",SH.IMM.MEAS,,30,38,46,50,54,74,65,85,85,85,80,85,85,94,94,82,92,92,92,92,93,93,93,93,93,93,94,94,94,94,87,88,96,97,89,89,89,
Sint Maarten (Dutch part),SXM,"Immunization, measles (% of children ages 12-23 months)",SH.IMM.MEAS,,,,,,,,,,,,,,,,,,,,,,,,,,,,,,,,,,,,,,,
Seychelles,SYC,"Immunization, measles (% of children ages 12-23 months)",SH.IMM.MEAS,,29,64,98,77,90,95,95,89,89,86,89,92,92,92,97,98,99,93,99,97,95,98,99,99,99,99,99,99,97,99,99,98,97,99,98,97,99,
Syrian Arab Republic,SYR,"Immunization, measles (% of children ages 12-23 months)",SH.IMM.MEAS,13,14,22,19,23,27,64,37,52,86,87,84,84,86,86,85,85,84,87,86,84,80,84,83,82,81,81,81,81,82,82,80,61,58,54,53,62,67,
Turks and Caicos Islands,TCA,"Immunization, measles (% of children ages 12-23 months)",SH.IMM.MEAS,,,,,,,,,,,,,,,,,,,,,,,,,,,,,,,,,,,,,,,
Chad,TCD,"Immunization, measles (% of children ages 12-23 months)",SH.IMM.MEAS,,,,,10,7,12,16,17,32,32,28,25,19,24,26,22,30,20,30,28,26,25,23,16,27,39,31,27,36,46,54,63,57,45,46,37,37,
East Asia & Pacific (IDA & IBRD countries),TEA,"Immunization, measles (% of children ages 12-23 months)",SH.IMM.MEAS,,,,57.27625174,61.90226879,69.0255645,55.6658048,67.67336025,83.0891454,85.58269037,89.88210633,86.25551122,82.43442623,78.63185287,75.28934197,78.13208587,83.19314351,82.66619186,82.95174759,83.44640972,82.94246421,83.29017713,82.72304998,83.54161988,85.45519026,85.49130602,89.68057076,89.22397533,91.6973779,92.7397612,92.88487564,93.7342642,93.96844035,93.99920454,92.37904892,92.41891505,92.56823375,92.74200281,
Europe & Central Asia (IDA & IBRD countries),TEC,"Immunization, measles (% of children ages 12-23 months)",SH.IMM.MEAS,,,,,,,,,,,,,82.49154229,83.71310869,82.18455582,83.4826181,86.26256101,89.60278044,90.42827873,91.4661678,93.23832151,94.39513711,92.38817966,90.91517636,92.55474347,95.24539417,96.65391559,96.65881345,96.64448766,94.67934952,93.84685683,94.94275951,95.3782564,95.95411484,93.53175074,94.06844317,93.26092114,95.79641206,
Togo,TGO,"Immunization, measles (% of children ages 12-23 months)",SH.IMM.MEAS,,,,,11,27,43,74,62,78,73,69,64,60,57,53,48,43,40,57,58,40,48,68,70,70,78,71,63,66,68,72,72,72,82,85,87,91,
Thailand,THA,"Immunization, measles (% of children ages 12-23 months)",SH.IMM.MEAS,,,,,5,26,45,52,63,66,80,79,74,80,86,91,92,93,96,96,94,94,94,96,96,96,96,96,98,98,98,98,98,99,99,99,99,99,
Tajikistan,TJK,"Immunization, measles (% of children ages 12-23 months)",SH.IMM.MEAS,,,,,,,,,,,,,68,81,73,70,79,84,83,79,88,88,89,91,92,85,82,85,86,89,94,98,94,92,98,97,97,98,
Turkmenistan,TKM,"Immunization, measles (% of children ages 12-23 months)",SH.IMM.MEAS,,,,,,,,,,,,,76,84,90,92,98,99,99,97,96,98,88,97,97,99,99,99,99,99,99,99,99,99,99,99,99,99,
Latin America & the Caribbean (IDA & IBRD countries),TLA,"Immunization, measles (% of children ages 12-23 months)",SH.IMM.MEAS,43.07253826,50.26938846,48.42644434,47.0483311,51.32223351,59.52987977,60.7159372,59.61447959,65.42979581,69.0966015,75.6247582,80.23362537,82.44851234,81.84457422,82.2668455,85.98683153,83.91954315,88.59639462,90.86894339,92.1710589,93.57860839,94.73247136,93.48123808,93.89675589,93.13847412,92.76923101,94.32019441,93.84808633,95.09696293,94.03936189,93.35753471,94.46156916,95.19420088,91.47885627,92.34372887,92.60966843,91.93487418,92.24363118,
Timor-Leste,TLS,"Immunization, measles (% of children ages 12-23 months)",SH.IMM.MEAS,,,,,,,,,,,,,,,,,,,,,,,56,55,55,48,61,63,73,70,66,62,73,70,74,70,70,70,
Middle East & North Africa (IDA & IBRD countries),TMN,"Immunization, measles (% of children ages 12-23 months)",SH.IMM.MEAS,31.29407601,35.08738869,35.59804924,33.27873815,38.12293724,59.28293634,62.52478149,64.89855592,77.79671967,79.87394439,82.70181888,81.5898423,83.67714733,83.84921949,83.34016262,84.39925003,86.80063835,86.19939743,90.45309681,90.31490991,90.23712953,89.32244691,88.06783916,87.74441668,87.81483153,87.86713416,87.88469386,88.01808208,87.94571275,89.86741348,90.07535565,90.09004686,86.7317542,87.35661305,85.57331338,85.23979132,88.02174455,87.20982796,
Tonga,TON,"Immunization, measles (% of children ages 12-23 months)",SH.IMM.MEAS,,9,44,67,43,81,37,88,81,84,86,90,87,87,86,94,95,97,95,95,92,89,85,93,93,92,90,90,89,87,86,85,81,86,85,85,84,85,
South Asia (IDA & IBRD),TSA,"Immunization, measles (% of children ages 12-23 months)",SH.IMM.MEAS,,,,,,5.858150814,13.5128899,25.0063504,32.57337825,44.18476773,55.97566001,46.74217373,52.90361438,59.32836395,65.94507368,69.00955247,64.18111941,56.6981294,55.05866959,57.76917254,57.88422766,59.35156796,58.47511672,61.89921161,65.57916696,69.03326331,69.34215202,70.26113994,71.85790667,76.41556045,78.89372869,80.96276344,80.14804516,81.02365281,83.18812516,85.16940418,85.80909193,86.06734009,
Sub-Saharan Africa (IDA & IBRD countries),TSS,"Immunization, measles (% of children ages 12-23 months)",SH.IMM.MEAS,,,,,28.35725728,33.58126658,39.97399773,44.38074537,49.21718411,55.78183168,57.26966487,53.93484499,50.69831243,51.43951531,55.03505807,54.63022796,54.29542762,54.0717833,52.42016301,50.11724909,52.51263286,52.79572036,54.06048877,56.6231903,58.65949748,60.41754067,63.06647264,65.35220681,67.43187956,72.0440244,72.43142524,70.81434115,70.28712117,69.18401308,68.92018762,69.93453336,69.32805571,69.5536517,
Trinidad and Tobago,TTO,"Immunization, measles (% of children ages 12-23 months)",SH.IMM.MEAS,,,,,10,32,42,68,72,59,70,93,83,87,86,84,88,88,90,88,90,91,87,88,95,93,89,91,91,94,92,92,85,91,96,89,86,93,
Tunisia,TUN,"Immunization, measles (% of children ages 12-23 months)",SH.IMM.MEAS,,,43,42,55,65,67,81,87,93,93,94,94,92,91,91,92,92,94,90,95,92,94,90,95,96,98,98,98,98,97,96,96,94,98,98,96,98,
Turkey,TUR,"Immunization, measles (% of children ages 12-23 months)",SH.IMM.MEAS,27,52,64,63,62,61,64,67,82,71,78,73,78,72,76,65,72,79,81,82,87,91,83,75,81,91,98,96,97,97,97,98,96,98,94,97,98,96,
Tuvalu,TUV,"Immunization, measles (% of children ages 12-23 months)",SH.IMM.MEAS,,,,65,71,92,65,65,90,79,95,63,66,64,79,94,94,99,96,94,81,99,99,95,97,62,84,95,93,90,85,98,98,96,94,94,96,95,
Tanzania,TZA,"Immunization, measles (% of children ages 12-23 months)",SH.IMM.MEAS,46,51,50,60,55,66,97,78,83,79,80,79,81,77,79,78,78,73,72,72,78,86,89,97,94,91,93,90,88,91,92,93,97,99,99,99,90,99,
Uganda,UGA,"Immunization, measles (% of children ages 12-23 months)",SH.IMM.MEAS,,22,21,20,18,17,27,38,49,51,52,54,56,57,59,57,55,54,50,55,57,59,62,64,66,68,75,75,70,77,73,75,83,84,85,80,80,80,
Ukraine,UKR,"Immunization, measles (% of children ages 12-23 months)",SH.IMM.MEAS,,,,,,,,,,,,,90,94,96,97,92,97,96,99,99,99,99,99,99,96,98,97,94,75,56,67,79,79,56,56,42,86,
Upper middle income,UMC,"Immunization, measles (% of children ages 12-23 months)",SH.IMM.MEAS,,,,65.25775938,68.2586331,75.71111684,61.73628159,71.30262519,85.07455895,86.22995106,90.24076242,87.86131554,85.37229465,81.80489893,79.08015465,82.78348281,84.71060355,86.42908304,87.13210796,87.9092216,88.34565617,89.00290141,88.02245568,87.72308878,88.02599541,88.27180323,92.50414082,92.80721269,94.97099257,95.9295047,95.50484295,95.99172665,95.85749967,94.72607227,94.74291172,95.07799364,95.07832786,94.66611626,
Uruguay,URY,"Immunization, measles (% of children ages 12-23 months)",SH.IMM.MEAS,50,55,52,65,66,59,82,88,72,82,97,96,93,90,90,90,89,92,96,99,89,94,95,95,95,95,94,96,95,94,95,95,96,96,96,96,95,95,
United States,USA,"Immunization, measles (% of children ages 12-23 months)",SH.IMM.MEAS,86,97,97,98,98,97,97,82,98,94,90,87,83,84,89,88,91,91,92,92,91,91,91,93,93,92,92,92,92,90,92,92,91,92,92,92,92,92,
Uzbekistan,UZB,"Immunization, measles (% of children ages 12-23 months)",SH.IMM.MEAS,,,,,,,,,,,,,84,82,71,91,95,96,95,96,99,99,97,99,98,99,98,98,98,95,98,99,99,97,99,99,99,99,
St. Vincent and the Grenadines,VCT,"Immunization, measles (% of children ages 12-23 months)",SH.IMM.MEAS,,,40,59,92,74,88,91,97,99,96,99,99,99,99,99,99,99,99,87,96,98,99,94,99,97,99,99,99,99,99,97,94,99,99,99,99,99,
"Venezuela, RB",VEN,"Immunization, measles (% of children ages 12-23 months)",SH.IMM.MEAS,50,43,45,42,41,56,48,54,51,50,61,63,61,62,94,47,64,68,92,84,84,98,83,83,80,76,82,87,93,87,79,86,87,85,89,92,88,96,
British Virgin Islands,VGB,"Immunization, measles (% of children ages 12-23 months)",SH.IMM.MEAS,,,,,,,,,,,,,,,,,,,,,,,,,,,,,,,,,,,,,,,
Virgin Islands (U.S.),VIR,"Immunization, measles (% of children ages 12-23 months)",SH.IMM.MEAS,,,,,,,,,,,,,,,,,,,,,,,,,,,,,,,,,,,,,,,
Vietnam,VNM,"Immunization, measles (% of children ages 12-23 months)",SH.IMM.MEAS,,,1,3,4,19,39,36,56,76,88,88,90,93,96,95,96,96,96,94,97,98,96,93,97,95,93,83,92,97,98,96,96,98,97,97,99,97,
Vanuatu,VUT,"Immunization, measles (% of children ages 12-23 months)",SH.IMM.MEAS,,,20,23,18,26,22,34,46,50,66,63,66,74,53,60,61,65,64,62,61,59,58,56,55,53,52,56,61,65,70,75,79,84,90,76,84,80,
World,WLD,"Immunization, measles (% of children ages 12-23 months)",SH.IMM.MEAS,,,,48.67680863,50.65315117,45.60372888,45.51116041,52.88289196,62.71016206,68.35473618,73.61880764,69.74883806,69.90509116,70.51780736,72.01926548,73.8874098,73.37644279,71.59923971,71.23122267,71.78308654,72.30932768,72.92713729,72.50342016,74.12991094,75.9925246,77.3546115,79.15680213,79.6876001,81.19342371,83.5478808,84.33509472,84.78021766,84.40602282,84.11554032,84.0565006,84.74354764,84.79800323,84.96222653,
Samoa,WSM,"Immunization, measles (% of children ages 12-23 months)",SH.IMM.MEAS,,,59,78,83,81,91,78,75,82,89,77,90,92,94,96,96,99,99,91,93,92,99,62,25,57,54,63,44,45,56,59,76,90,82,69,68,58,
Kosovo,XKX,"Immunization, measles (% of children ages 12-23 months)",SH.IMM.MEAS,,,,,,,,,,,,,,,,,,,,,,,,,,,,,,,,,,,,,,,
"Yemen, Rep.",YEM,"Immunization, measles (% of children ages 12-23 months)",SH.IMM.MEAS,2,4,4,6,8,13,15,22,34,48,69,53,46,51,31,40,43,41,66,74,70,72,62,64,74,73,65,71,69,65,68,66,63,70,67,67,70,65,
South Africa,ZAF,"Immunization, measles (% of children ages 12-23 months)",SH.IMM.MEAS,,,,74,70,70,64,75,68,84,79,85,85,85,76,76,76,82,79,75,72,69,65,62,62,62,65,63,67,70,64,68,68,66,71,76,75,60,
Zambia,ZMB,"Immunization, measles (% of children ages 12-23 months)",SH.IMM.MEAS,,,,56,57,58,58,80,80,80,90,80,85,91,96,86,86,86,86,85,85,84,84,84,85,85,85,93,87,90,96,83,82,80,85,90,93,96,
Zimbabwe,ZWE,"Immunization, measles (% of children ages 12-23 months)",SH.IMM.MEAS,,56,58,60,62,78,83,88,88,87,87,87,86,86,87,87,88,84,79,77,75,73,70,68,66,67,68,69,70,76,90,92,97,93,92,86,95,90,
